filename,line_total,line_covered,line_percent,branch_total,branch_covered,branch_percent,function_total,function_covered,function_percent
shell.c,8743,509,0.057999999999999996,6456,211,0.033,391,48,0.12300000000000001
sqlite3.c,46328,18217,0.39299999999999996,30925,9009,0.29100000000000004,2476,1277,0.516
